transaction_hash,from,to,value_in_eth,gas_used,block_number,block_hash,status
2eb2d0df7a4686b1ade5ba04a57e1c8a878b7a96b057a44cb77c618378e5cd80,0xae2Fc483527B8EF99EB5D9B44875F005ba1FaE13,0x1f2F10D1C40777AE1Da742455c65828FF36Df387,1.04631678787E-7,101694,21508379,39d06f3854b8bb738b9cbdae40db3f783e28dda25898af3644e9f0c182ec4df1,Success
e7e8e1b0f4fe503df530543198df408013cb36cb1040d3d56ebd82dbbe057b34,0x78bB98796bA982752203B1fa0Ec996d6E287dBda,0xF3dE3C0d654FDa23daD170f0f320a92172509127,0.1,107023,21508379,39d06f3854b8bb738b9cbdae40db3f783e28dda25898af3644e9f0c182ec4df1,Success
829f62e81a8bf1ed88e7327022ff07be28e1191590b1f2247badce9b8d730965,0xae2Fc483527B8EF99EB5D9B44875F005ba1FaE13,0x1f2F10D1C40777AE1Da742455c65828FF36Df387,1.07098149187E-7,99543,21508379,39d06f3854b8bb738b9cbdae40db3f783e28dda25898af3644e9f0c182ec4df1,Success
ed23aed88f46fdb09a139f29a97ef4b003bdb830d311c1612e2cf597a9e910b7,0x1113eFd5C8896CcF251EA360bB9d91F113707F80,0x000000d40B595B94918a28b27d1e2C66F43A51d3,0.000006562204759043,124090,21508379,39d06f3854b8bb738b9cbdae40db3f783e28dda25898af3644e9f0c182ec4df1,Success
0f4b6f536d3d4dc48baee0c36a6b856d9e4786dc2246c7ca028fe6d5444ea68e,0xFDa2155FfaB76613fC91811243C9dC1f1bf55824,0xe76014c179F19dA26Bb30A0f085FF0A466B92829,0,150377,21508379,39d06f3854b8bb738b9cbdae40db3f783e28dda25898af3644e9f0c182ec4df1,Success
f913ee5ba42a1741f59b2379d752bb8d40e39cd18b517eeae06863303b4d10e0,0x1114C78D5DE672996d812DC2E1a05b5F33EAcDFb,0x000000d40B595B94918a28b27d1e2C66F43A51d3,0.00000534990692429,111409,21508379,39d06f3854b8bb738b9cbdae40db3f783e28dda25898af3644e9f0c182ec4df1,Success
ae942140561164a1ca0f2cd7d0641e305ccaf8768f37943947aea00633c71288,0x315D2Ee4fcCdA0def532Ef4108FF57204F8D9EbA,0x738e79fBC9010521763944ddF13aAD7f61502221,0,87715,21508379,39d06f3854b8bb738b9cbdae40db3f783e28dda25898af3644e9f0c182ec4df1,Success
38e2ed8254e8f1f9340845b29ad341919e0a6e227cedf06fa05dcef484c01973,0xa009fa1aC416Ec02f6f902a3A4A584B092AE6123,0xfbEedCFe378866DaB6abbaFd8B2986F5C1768737,2.1508379E-11,131145,21508379,39d06f3854b8bb738b9cbdae40db3f783e28dda25898af3644e9f0c182ec4df1,Success
848ba4ea4f2bae5d47a0eda416451e7cf5416598d14a3a27e767ecb3d864695a,0x93793Bd1f3e35a0Efd098c30e486A860A0ef7551,0x68d3A973E7272EB388022a5C6518d9b2a2e66fBf,2.1508379E-11,114434,21508379,39d06f3854b8bb738b9cbdae40db3f783e28dda25898af3644e9f0c182ec4df1,Success
e77c6e9750761c8e8f6793d0af103f4575572acc157193a636b95898eb968cbc,0x9DFc9Bb0FfF2dc96728D2bb94eaCee6ba3592351,0x9008D19f58AAbD9eD0D60971565AA8510560ab41,0,314047,21508379,39d06f3854b8bb738b9cbdae40db3f783e28dda25898af3644e9f0c182ec4df1,Success
178c3489054af5b7e8b0c29404b757eb4091e4752c8a93a0b6b4146d0bcb407d,0x00000000000124d994209fbB955E0217B5C2ECA1,0x7ED439D2d363864885D2ea27D50ACCbF9F7318e6,0.000538418580574955,106627,21508379,39d06f3854b8bb738b9cbdae40db3f783e28dda25898af3644e9f0c182ec4df1,Success
c397f2b51bee725d89dd1dccb8e6a808fe66ef6616d70c50abae2cfbe8a03089,0xD1Fa51f2dB23A9FA9d7bb8437b89FB2E70c60cB7,0xd4bC53434C5e12cb41381A556c3c47e1a86e80E3,6.7E-17,196635,21508379,39d06f3854b8bb738b9cbdae40db3f783e28dda25898af3644e9f0c182ec4df1,Success
babd1f97771622219a29a0d7d4a9b85f3e53c1e17349e44576d025d5e1812ab9,0x8347cD390C696372AA5AC17865117D5521c5476a,0x3fC91A3afd70395Cd496C647d5a6CC9D4B2b7FAD,0,243923,21508379,39d06f3854b8bb738b9cbdae40db3f783e28dda25898af3644e9f0c182ec4df1,Success
d8e9da290ada04ce0f02d1074ce1aa3dfb8c5e6ea75fd9555483842207be593f,0xcfEBEE41eA319bf1D8931F63705FadB60b5FC2E9,0x3fC91A3afd70395Cd496C647d5a6CC9D4B2b7FAD,0,231551,21508379,39d06f3854b8bb738b9cbdae40db3f783e28dda25898af3644e9f0c182ec4df1,Success
f82597e6438719a4984ae3724b01d3c410443ef5542038afae2ab88e1a94f588,0x05a1219EF2477B49f11e9C14D6A4f5b60acC9372,0x3fC91A3afd70395Cd496C647d5a6CC9D4B2b7FAD,0.031,190385,21508379,39d06f3854b8bb738b9cbdae40db3f783e28dda25898af3644e9f0c182ec4df1,Success
8c2a3c0034ac8b126b0071fd03caaeb8975b41903ce58377430443164c2bd7d9,0x86653214E33A89aD8677AF8c2CeaA749Aa009a2E,0x3fC91A3afd70395Cd496C647d5a6CC9D4B2b7FAD,0.007418820763269348,189365,21508379,39d06f3854b8bb738b9cbdae40db3f783e28dda25898af3644e9f0c182ec4df1,Success
a7c5836c8fb8e1c7fe629d9a272946c48dc1c01fa6b16824d303c8f7501b92c4,0xEA750981dfC44C72edEfd78d030A776ab09066f0,0x7a250d5630B4cF539739dF2C5dAcb4c659F2488D,0.002,138822,21508379,39d06f3854b8bb738b9cbdae40db3f783e28dda25898af3644e9f0c182ec4df1,Success
d562bd49b580b41c1a0aeaa1ec2ac0eca3428e4a0dadaf91f98721c08c33444d,0xf7F7F59C55A76BaE6a1a00d51E2ae59B7534719f,0x3fC91A3afd70395Cd496C647d5a6CC9D4B2b7FAD,0,167941,21508379,39d06f3854b8bb738b9cbdae40db3f783e28dda25898af3644e9f0c182ec4df1,Success
cff455e8b4cfd38835259f3f291a7ec87ff3df8afed574c977d75d4b4c76f141,0xAb6Cc52E3BFb21447744f58C2bEf9CafCB7f6628,0x3fC91A3afd70395Cd496C647d5a6CC9D4B2b7FAD,0.135031588846153,154666,21508379,39d06f3854b8bb738b9cbdae40db3f783e28dda25898af3644e9f0c182ec4df1,Success
aa45060a3c4457068ae41c5d6293c9b16ec421bf324d2762f5ea10c37b288d76,0xcDd37Ada79F589c15bD4f8fD2083dc88E34A2af2,,0,205901,21508379,39d06f3854b8bb738b9cbdae40db3f783e28dda25898af3644e9f0c182ec4df1,Success
199ab93ceb7647fb2c041e81930c89ea9b9ed095f4851dc0fbea6bd28b858b62,0xb9c2aBC5eA9197f429dbF1316eDeA559306CFe65,0x3328F7f4A1D1C57c35df56bBf0c9dCAFCA309C49,0,152516,21508379,39d06f3854b8bb738b9cbdae40db3f783e28dda25898af3644e9f0c182ec4df1,Success
858098823191eb74a7c54521716b41244890cb359702dbe7d5faa043f344be1c,0x4cc87B0A504047967CeD9A955431B3229237e7de,0x5D8ba173Dc6C3c90C8f7C04C9288BeF5FDbAd06E,0,152225,21508379,39d06f3854b8bb738b9cbdae40db3f783e28dda25898af3644e9f0c182ec4df1,Success
4cda7d323f2d01a9c665e989b2d6c03b706a95935e2d81759930b7bbf8272517,0x27cbBFdB35C243630d7330ECE3A2d85c73Cd5672,0x888888888889758F76e7103c6CbF23ABbF58F946,0,349693,21508379,39d06f3854b8bb738b9cbdae40db3f783e28dda25898af3644e9f0c182ec4df1,Success
17b7fd97043946c9ead13bab0c3a00ca67079c400780fe82dcf6410663229c4d,0x2596172a730501292404Ca1A3673C02481320914,0x3c11F6265Ddec22f4d049Dde480615735f451646,0,238015,21508379,39d06f3854b8bb738b9cbdae40db3f783e28dda25898af3644e9f0c182ec4df1,Success
6372280920c891c4bd01bd20b42771d74186cad04606fd9d1c3f60c71fde725a,0xdaE51a588Bf6842E3918465cACA68343C77b050C,0x881D40237659C251811CEC9c364ef91dC08D300C,0,270176,21508379,39d06f3854b8bb738b9cbdae40db3f783e28dda25898af3644e9f0c182ec4df1,Success
43324e6b1411ce863f9a99f2edbbb96963bb43cc195495a0f9505e2d3217fa98,0x3A0bbe6b9859F537d0F7C3dbF46a2aD9cF80648a,0xb2ecfE4E4D61f8790bbb9DE2D1259B9e2410CEA5,0,260782,21508379,39d06f3854b8bb738b9cbdae40db3f783e28dda25898af3644e9f0c182ec4df1,Success
77e178bf48dcbeef3c20213417c76923665be8608b3cf164aa2385f51c50ae62,0xCC782D8b7863aCF80e3A4fAFc0e04d445f5Bf711,0x8DE5B80a0C1B02Fe4976851D030B36122dbb8624,0,32632,21508379,39d06f3854b8bb738b9cbdae40db3f783e28dda25898af3644e9f0c182ec4df1,Success
3731fcd5f3750d75aa47fbef87dbe18c208309b134943749ee41f3cdb916534f,0x57D5DE87828F1629881F560B236c624fB7999903,0xA882606494D86804B5514E07e6Bd2D6a6eE6d68A,0,189578,21508379,39d06f3854b8bb738b9cbdae40db3f783e28dda25898af3644e9f0c182ec4df1,Success
350b25a9c08de0d843446abded37b18e8b9cccf96f0af52e52985472028bd428,0x30c64FF0d80E3D4e94E4F8E80520eD2FEd933A32,0x7D0CcAa3Fac1e5A943c5168b6CEd828691b46B36,0,222988,21508379,39d06f3854b8bb738b9cbdae40db3f783e28dda25898af3644e9f0c182ec4df1,Success
9a515a8a717fefd80f9c827ee7ca19eb5f90f5048d80d86da8bda97d7be5d9f7,0x42D17b7f3532Ec2f7C4E4e5E239BAA476846E2CD,0xaea46A60368A7bD060eec7DF8CBa43b7EF41Ad85,0,53954,21508379,39d06f3854b8bb738b9cbdae40db3f783e28dda25898af3644e9f0c182ec4df1,Success
bfe61f53802770ef826a99b3041de9354561e6f243cdc229c66d046c0b34edec,0xa9804DE5a5A74793376ac310bb8010194f5204Ef,0x0000000000000068F116a894984e2DB1123eB395,0,173259,21508379,39d06f3854b8bb738b9cbdae40db3f783e28dda25898af3644e9f0c182ec4df1,Success
5ebf8da62a363d761d9d5f125d48e1094f4dff38a53cefdb02af3425cb039d18,0x104443da77FEF40436e6641109A15e2DbbC59716,0xfAbA6f8e4a5E8Ab82F62fe7C39859FA577269BE3,0,39641,21508379,39d06f3854b8bb738b9cbdae40db3f783e28dda25898af3644e9f0c182ec4df1,Success
01e69372b53e9267431fd62a9b8f3deb89701ecf4fa3cbd726b8379af403ed53,0xc7e25D2012E528DB3c21aA4acB2953d5c3Fd9116,0x2aCA0C7ED4d5EB4a2116A3bc060A2F264a343357,0.012018000000001006,152176,21508379,39d06f3854b8bb738b9cbdae40db3f783e28dda25898af3644e9f0c182ec4df1,Success
fad26a346b4c96dbde35d34d059ef80c989ac10b2610a64d9c88e7bc6ee2cdb1,0x555CE236C0220695b68341bc48C68d52210cC35b,0xE7351Fd770A37282b91D153Ee690B63579D6dd7f,0,150281,21508379,39d06f3854b8bb738b9cbdae40db3f783e28dda25898af3644e9f0c182ec4df1,Success
6ef5335986ab68a9571501f7b70dd95ebf46166de03ac745dc1ef6cc2a0a6b1e,0x7d2841D9F7835E52AA8e0b222A8118B2ff23FEeD,0x2aCA0C7ED4d5EB4a2116A3bc060A2F264a343357,2,152176,21508379,39d06f3854b8bb738b9cbdae40db3f783e28dda25898af3644e9f0c182ec4df1,Success
52cff140edb22a1359edce013ca8f7b646dd737afa833d9cbf91478e874ba71e,0x90C78D9619254f9444ffaEB87B62Fb2731ac0353,0xb6D149C8DdA37aAAa2F8AD0934f2e5682C35890B,0,143870,21508379,39d06f3854b8bb738b9cbdae40db3f783e28dda25898af3644e9f0c182ec4df1,Success
30a3996f6f67738f907e54058107be3141c3b62ed79e70d13b8911da1fc62bfd,0x88C591Df9834F152f79D5c125A7189eB63F39f57,0xeF4fB24aD0916217251F553c0596F8Edc630EB66,0.011,138547,21508379,39d06f3854b8bb738b9cbdae40db3f783e28dda25898af3644e9f0c182ec4df1,Success
9e90b1c406910cb6f92cac1f215976d0aca374f676e80652618ffef16bbfaf5b,0x21a31Ee1afC51d94C2eFcCAa2092aD1028285549,0x31c8EAcBFFdD875c74b94b077895Bd78CF1E64A3,0,57057,21508379,39d06f3854b8bb738b9cbdae40db3f783e28dda25898af3644e9f0c182ec4df1,Success
96b90637af26524edddb610bf3971d2e843c243cf886e4b8e9dcfe9299e7aa5a,0x6cC5F688a315f3dC28A7781717a9A798a59fDA7b,0x64Bc2cA1Be492bE7185FAA2c8835d9b824c8a194,0,51566,21508379,39d06f3854b8bb738b9cbdae40db3f783e28dda25898af3644e9f0c182ec4df1,Success
bd78140fbfd81dee0be7d82e01380857efaede7165e6276db24e77ece127b426,0x6cC5F688a315f3dC28A7781717a9A798a59fDA7b,0x2260FAC5E5542a773Aa44fBCfeDf7C193bc2C599,0,54399,21508379,39d06f3854b8bb738b9cbdae40db3f783e28dda25898af3644e9f0c182ec4df1,Success
5e4e6d54aca9960315e7960f2c63bece6fad97ea2fbf9d7943ff2ed85cf7a1bb,0x6cC5F688a315f3dC28A7781717a9A798a59fDA7b,0x2260FAC5E5542a773Aa44fBCfeDf7C193bc2C599,0,54399,21508379,39d06f3854b8bb738b9cbdae40db3f783e28dda25898af3644e9f0c182ec4df1,Success
33c6dff46f07e1914344805c2b38225272ff80f0c274bdb932ccca56f329849e,0x6cC5F688a315f3dC28A7781717a9A798a59fDA7b,0x2260FAC5E5542a773Aa44fBCfeDf7C193bc2C599,0,54399,21508379,39d06f3854b8bb738b9cbdae40db3f783e28dda25898af3644e9f0c182ec4df1,Success
5dd1725668976572d103fd7b926839a8d989552cab20fe4fa3fc96629ab9d8ef,0x6cC5F688a315f3dC28A7781717a9A798a59fDA7b,0x2260FAC5E5542a773Aa44fBCfeDf7C193bc2C599,0,54399,21508379,39d06f3854b8bb738b9cbdae40db3f783e28dda25898af3644e9f0c182ec4df1,Success
4ffe7c5084cc525fee5da67ec1012c6086f3beb3fe3d9fe1057c3e96b7c693f2,0x7bDfF45d6be186be8C89DA1B2820A016D4EBC2Df,0xC059A531B4234D05E9ef4ac51028F7E6156E2CCe,0,116917,21508379,39d06f3854b8bb738b9cbdae40db3f783e28dda25898af3644e9f0c182ec4df1,Success
35189785f628fc99d716f56e3a7db04d88f7596a3b7257e44c13895f577652b8,0xB3dE698f6551CAdeE341783870E9a48390c8Efb1,0xF3dE3C0d654FDa23daD170f0f320a92172509127,0.3,112586,21508379,39d06f3854b8bb738b9cbdae40db3f783e28dda25898af3644e9f0c182ec4df1,Success
19ce6d5bc63cf1823b6dfc19312b1e13a58c5cd4faf21ea56b61cf9fbbbebfe2,0xF42E5BF9EeD35F4579E290B91AC06A8AfeEdbB84,0x421b05cf5ce28Cb7347E73e2278E84472F0E4a88,0,47210,21508379,39d06f3854b8bb738b9cbdae40db3f783e28dda25898af3644e9f0c182ec4df1,Success
ae81b5aea36c6b6ee9da90cf63c0ab5d8f0ce6d4e30b4bc0efa9126afbe92e03,0xF42E5BF9EeD35F4579E290B91AC06A8AfeEdbB84,0x881D40237659C251811CEC9c364ef91dC08D300C,0,136777,21508379,39d06f3854b8bb738b9cbdae40db3f783e28dda25898af3644e9f0c182ec4df1,Failed
3f92003657d3ecc8e21242b7bfacabf853959c0cdb04725efefc61e747981411,0xD36d5Ff6BDE0fe63D8261D26FeCE924cA5CBC986,0xc575BD129848Ce06A460A19466c30E1D0328F52C,0,46531,21508379,39d06f3854b8bb738b9cbdae40db3f783e28dda25898af3644e9f0c182ec4df1,Success
642c950c366fac77cb67ff341a966c26cf3de76ac1fd2a3d24f0a9a0f078810d,0xD36d5Ff6BDE0fe63D8261D26FeCE924cA5CBC986,0x3fC91A3afd70395Cd496C647d5a6CC9D4B2b7FAD,0,178431,21508379,39d06f3854b8bb738b9cbdae40db3f783e28dda25898af3644e9f0c182ec4df1,Success
4dba11feedc970d9ff8a02525a915d7dbbc1a6e937e6be2d0382b8fa92b02293,0x053DBA7292957341779cB0e9aae1AA7B139aDa3A,0xdAC17F958D2ee523a2206206994597C13D831ec7,0,46109,21508379,39d06f3854b8bb738b9cbdae40db3f783e28dda25898af3644e9f0c182ec4df1,Success
d3be9ab8e254acaaa0937401671921ec78edeb46d65d80346c0f583ffa0070ef,0xD7D8e05ccaccE68Bb6dc945cbF2bF07dBe7A6629,0xa105C3AbeDBAf4295AC6149BF24D5311F629934c,0,97497,21508379,39d06f3854b8bb738b9cbdae40db3f783e28dda25898af3644e9f0c182ec4df1,Success
d248dad6a7d4f3d36d0a9718a035a2937b55513664e07b062451b4ca69bcec25,0x2ab22070C21eDe7289D0B9170ef3CdB40127e203,0x4a220E6096B25EADb88358cb44068A3248254675,0,34857,21508379,39d06f3854b8bb738b9cbdae40db3f783e28dda25898af3644e9f0c182ec4df1,Success
ecf5dda95361e7da467384fe32f06578a5926810d1bbf0858f3f8ab2b2c09122,0x5a16d47bfD662ba92774e4cBF221beb9Aff92220,0x98C3d3183C4b8A650614ad179A1a98be0a8d6B8E,0,63731,21508379,39d06f3854b8bb738b9cbdae40db3f783e28dda25898af3644e9f0c182ec4df1,Success
8bdcc82c01b7d7658505374419b4430c426138b71e4cbb33b598bae29fd208e5,0x170B4676f4Dd2d1779d0e8e120F81eBEc249CaC0,0xA0b86991c6218b36c1d19D4a2e9Eb0cE3606eB48,0,62260,21508379,39d06f3854b8bb738b9cbdae40db3f783e28dda25898af3644e9f0c182ec4df1,Success
ab87d64f9fa3d9d5628a789818cd1aef01ad6e05a3aab49fb20d65cb68c76bb5,0xEa24F605fF7a7fAfF0ec68859E9D28B21228aEA7,0x4265f5D6c0cF127d733EeFA16D66d0df4b650D53,0,72198,21508379,39d06f3854b8bb738b9cbdae40db3f783e28dda25898af3644e9f0c182ec4df1,Success
b6561bf1b793df9db9422df0acab9878b7491be38e2dce5927a314b62742248d,0x115322Cf15ed879798dAA3704C4a13020ed79577,0xeE27223DBe36864064CFb36c448bED8085E81709,0,69170,21508379,39d06f3854b8bb738b9cbdae40db3f783e28dda25898af3644e9f0c182ec4df1,Success
3f282764bdbd05d8a186d86d8f2bcfff6132d0a6480b9878c6dec8d77b9a93b2,0xa2a4504968e4681e6FF3bea2e81d042266dEfD52,0xdAC17F958D2ee523a2206206994597C13D831ec7,0,26360,21508379,39d06f3854b8bb738b9cbdae40db3f783e28dda25898af3644e9f0c182ec4df1,Success
67df20e7d49cf8d35b520d766522ec12182ed0cfc8fecc851ab842f8003504a5,0x0104109F419e644104B7ceFD0aD5c45037eE00f7,0x7a250d5630B4cF539739dF2C5dAcb4c659F2488D,0,150659,21508379,39d06f3854b8bb738b9cbdae40db3f783e28dda25898af3644e9f0c182ec4df1,Success
72e53c215ccf4bb9b8d320757171c905b6f6374807d442ccfb7273a73ad2615f,0xEDEf814506405b2ae107Bff5CEF2a237c1441CD2,0x7a250d5630B4cF539739dF2C5dAcb4c659F2488D,0,140267,21508379,39d06f3854b8bb738b9cbdae40db3f783e28dda25898af3644e9f0c182ec4df1,Success
00fc6374556c3f566e2638ad966e516c9d72c29e7475e85bf6acdf06f23e3390,0x232398ec541f7a5fcbb3b243D9D7ff6061C01217,0x35fA164735182de50811E8e2E824cFb9B6118ac2,0,59433,21508379,39d06f3854b8bb738b9cbdae40db3f783e28dda25898af3644e9f0c182ec4df1,Success
257a49b45dad3fc7859c9dcc425001d98f525aaf53b22d9ac698a46a5d7dd1c2,0xDFd5293D8e347dFe59E90eFd55b2956a1343963d,0x5E6c6B2A03758597A080aA6951684A9979Eb0659,2.221375,21000,21508379,39d06f3854b8bb738b9cbdae40db3f783e28dda25898af3644e9f0c182ec4df1,Success
cc96103cf398914259e5d11eda0bf9ebbd37ad806049c3356c90b06710498b29,0xf89d7b9c864f589bbF53a82105107622B35EaA40,0x54620B9A8a2C43AA8Ed028450a7ce656a9C69FeB,0.88126742,21000,21508379,39d06f3854b8bb738b9cbdae40db3f783e28dda25898af3644e9f0c182ec4df1,Success
46c50110c23bfde71d7a6c19e9ebdb608c95561af63a4f4bbef4cea115e8a5eb,0x4976A4A02f38326660D17bf34b431dC6e2eb2327,0xf23F7aE89A84bA554968C1D26FA3C57072293b4a,0.0043942,21000,21508379,39d06f3854b8bb738b9cbdae40db3f783e28dda25898af3644e9f0c182ec4df1,Success
43edb1af81bf2b42e0edbe42378aaccb8193da8788a9589fb97b4ac7d18dc820,0x9696f59E4d72E237BE84fFD425DCaD154Bf96976,0x9E083b08ac41627fd5eaFCE2d47c8306cf488bD5,0.0056,21000,21508379,39d06f3854b8bb738b9cbdae40db3f783e28dda25898af3644e9f0c182ec4df1,Success
a9c431ecbf2c63167d3deadb9773c571b5d993d9ee1ae79c6a158b243c4abf58,0x9696f59E4d72E237BE84fFD425DCaD154Bf96976,0xdAC17F958D2ee523a2206206994597C13D831ec7,0,63209,21508379,39d06f3854b8bb738b9cbdae40db3f783e28dda25898af3644e9f0c182ec4df1,Success
a7492108c4ac25737d2719a705df80a3fc6909fdb0ac14829b00baf724337744,0x415c8893D514F9BC5211d36eEDA4183226b84AA7,0xFf00000000000000000000000000000000081457,0,21000,21508379,39d06f3854b8bb738b9cbdae40db3f783e28dda25898af3644e9f0c182ec4df1,Success
c7a70bebdda62f69a448facf8aa85c9fd5a8dacf9df4fb9afc701ef03ddea8a4,0x21a31Ee1afC51d94C2eFcCAa2092aD1028285549,0x1aB191Ba035B707808513A19624E42B0eB92b733,0.00208057,21000,21508379,39d06f3854b8bb738b9cbdae40db3f783e28dda25898af3644e9f0c182ec4df1,Success
d65a3cd5f5e1e939d389effa3b29d711b054289734e87496dfabb93cd2219bc4,0x21a31Ee1afC51d94C2eFcCAa2092aD1028285549,0xA0b86991c6218b36c1d19D4a2e9Eb0cE3606eB48,0,62260,21508379,39d06f3854b8bb738b9cbdae40db3f783e28dda25898af3644e9f0c182ec4df1,Success
5df2a2a98800de6390ee84264567263931c9783b10bc2e8a1a2799a576ce9545,0x21a31Ee1afC51d94C2eFcCAa2092aD1028285549,0x514910771AF9Ca656af840dff83E8264EcF986CA,0,35001,21508379,39d06f3854b8bb738b9cbdae40db3f783e28dda25898af3644e9f0c182ec4df1,Success
817a3fb8a863a38e21545e7b0b55d32d81f4eab0a09f5b882f65faa45042f9ae,0x21a31Ee1afC51d94C2eFcCAa2092aD1028285549,0x57e114B691Db790C35207b2e685D4A43181e6061,0,51429,21508379,39d06f3854b8bb738b9cbdae40db3f783e28dda25898af3644e9f0c182ec4df1,Success
0642f3777c0d42ac77db2f5fc644450b76367a37789fd30cfa0fc40f9265a37b,0x56Eddb7aa87536c09CCc2793473599fD21A8b17F,0xad0168A6AbDE809E3A0DF7c747DBEF016AE922D6,0.0015,21000,21508379,39d06f3854b8bb738b9cbdae40db3f783e28dda25898af3644e9f0c182ec4df1,Success
4f091756790d4a1d841a61a41bbb8dc118a2e0c4a395a243eb077001d6e2f060,0xf89d7b9c864f589bbF53a82105107622B35EaA40,0x91A3d297996759407F450d9F332762115ba5a387,1.497,21000,21508379,39d06f3854b8bb738b9cbdae40db3f783e28dda25898af3644e9f0c182ec4df1,Success
4b0bd3b1806809ddeec495323d1b63dc83c0524b217e3a6a9fd37103c3ea5c70,0xf89d7b9c864f589bbF53a82105107622B35EaA40,0x1b674Dbf9fC3FA693CC4e564e895fcB4b8962c99,0.02972744,21000,21508379,39d06f3854b8bb738b9cbdae40db3f783e28dda25898af3644e9f0c182ec4df1,Success
c89000e99025f5aa8fe6c5b5e98ccc1af11c5d17468dadb9a2452c423823f308,0xf7858Da8a6617f7C6d0fF2bcAFDb6D2eeDF64840,0x402B7629b0a6140e4B8141054f18E032C404Ea9C,0.02965,21000,21508379,39d06f3854b8bb738b9cbdae40db3f783e28dda25898af3644e9f0c182ec4df1,Success
682b8edb80162d7c59da9c026988850dffff34dfb1dbf26003591c88d4ef02d7,0xf7858Da8a6617f7C6d0fF2bcAFDb6D2eeDF64840,0xF39F26df3ce0A34153b896e1c1Ca7FC905a82dB8,0.0168,21000,21508379,39d06f3854b8bb738b9cbdae40db3f783e28dda25898af3644e9f0c182ec4df1,Success
082f2e524798e7eea1b1a5bc6cd3860d980d3b8b8e83eb912ec351873e2c4fd1,0xf7858Da8a6617f7C6d0fF2bcAFDb6D2eeDF64840,0xcE77A8f73022f34103F1cA74BF5905A987587a50,0.02965,21000,21508379,39d06f3854b8bb738b9cbdae40db3f783e28dda25898af3644e9f0c182ec4df1,Success
d0d53f0c68fafecb72df27ddbfa42598b791f735244398d4699aec8a894fc737,0xf7858Da8a6617f7C6d0fF2bcAFDb6D2eeDF64840,0x875916DEF17330e8330Df5Ea7050eFBAEcE33959,0.02901693,21000,21508379,39d06f3854b8bb738b9cbdae40db3f783e28dda25898af3644e9f0c182ec4df1,Success
da31c67a3647c19d4910ba6d82674351ea904a20067257bb19b870b18b963a30,0xEf074AfC449A3B97Ea7De6ca8c2125519B98AAaa,0x2B08D7cF7EafF0f5f6623d9fB09b080726D4be11,0.03422,49127,21508379,39d06f3854b8bb738b9cbdae40db3f783e28dda25898af3644e9f0c182ec4df1,Success
2f020cc5d57b2a08ca1c692f7e96c5a6156f5a6e4ee146f351c675da112447fd,0xb651839b03704a6Aa63Da28FdCa583f7Eda13016,0xA0b86991c6218b36c1d19D4a2e9Eb0cE3606eB48,0,40372,21508379,39d06f3854b8bb738b9cbdae40db3f783e28dda25898af3644e9f0c182ec4df1,Success
4bfe18c701a091287fb7e77de93eecfa4cea8264880fa27db9db7f72d8a12fa3,0xAE3F5e38C59A363052d777f9d44AA4cb4bF35490,0xdAC17F958D2ee523a2206206994597C13D831ec7,0,46109,21508379,39d06f3854b8bb738b9cbdae40db3f783e28dda25898af3644e9f0c182ec4df1,Success
775c839431fc1d9e6533c329250a55f52dfd0ad6ea42d3b549c312d3bdba0e1c,0x8d0fE6728236576D21f73a3AF402FbcD95F0badf,0x253553366Da8546fC250F225fe3d25d0C782303b,0,44206,21508379,39d06f3854b8bb738b9cbdae40db3f783e28dda25898af3644e9f0c182ec4df1,Success
7c147a7fec31cb6aedba9262c02626900a9134f601e832130d5eb57b798129a6,0xD4d2960E1e58a597723aE021cc811193f79153B1,0xe5018913F2fdf33971864804dDB5fcA25C539032,0,128113,21508379,39d06f3854b8bb738b9cbdae40db3f783e28dda25898af3644e9f0c182ec4df1,Success
80723c0b029d6b3270eccb3564f503e8f5f4fed48f182af8bd7b94acd16d10bf,0xa0137a110dDA36c574000bf0ADDebE56955Ab67e,0x524cAB2ec69124574082676e6F654a18df49A048,0,40546,21508379,39d06f3854b8bb738b9cbdae40db3f783e28dda25898af3644e9f0c182ec4df1,Success
944cf8cd5712947e9aba4e53a800190540910f32f8ceff5ffb6587fc7ec0e96f,0x7A5bb9Cd63B6C9c52a7F151DaAC3AcaD38316Ed3,0xa3f46e5ba6E5FE35A636e2DE83fDEb1EEA650BF3,0,94988,21508379,39d06f3854b8bb738b9cbdae40db3f783e28dda25898af3644e9f0c182ec4df1,Success
ae3618dce6f43ea849daaa858ec00f897bc6c4057b97feab3a14e1b934c09a48,0x86E28937b3c36b98a57a765ef34BD217b2e94F4F,0x3fC91A3afd70395Cd496C647d5a6CC9D4B2b7FAD,0,152649,21508379,39d06f3854b8bb738b9cbdae40db3f783e28dda25898af3644e9f0c182ec4df1,Success
42793be4f31c4191c8e7c81a9e9769c7d5f2cfffa5a3143dac977ee18ddbabc5,0xC214dF6d6C8974c17aeBe4A629c09430383A1c51,0x850F085634CE5eA4974501aed283812546A74cB7,0.00590100880774486,21000,21508379,39d06f3854b8bb738b9cbdae40db3f783e28dda25898af3644e9f0c182ec4df1,Success
3d81c2335b5c84cd782b1e309acfbb4225fdaf524d5fe90e5b4061542b6547c9,0xD5bA15b4c5dEC99be27595447C415EeB21791dc6,0x7Be6B15392F5A61f880DC2D3590065fE84072964,0,46568,21508379,39d06f3854b8bb738b9cbdae40db3f783e28dda25898af3644e9f0c182ec4df1,Success
51bd1a9741c19bc0416dca3fcc560ef2aa75344bf8f07f8a72590480fccce613,0x59C80Ae0f765CA43eAed6CE27526A7499D012e21,0xBf68CC2020c6af7cEd2186e606B2E4D91CbeD04f,0,176274,21508379,39d06f3854b8bb738b9cbdae40db3f783e28dda25898af3644e9f0c182ec4df1,Success
734f96bc9dafac76a792bc561f86981a15b99ce303a8b1cac902feba0ebfaae6,0xF589C67E8eb0BB4B72E712112cabbD179004159e,0xA0b86991c6218b36c1d19D4a2e9Eb0cE3606eB48,0,57448,21508379,39d06f3854b8bb738b9cbdae40db3f783e28dda25898af3644e9f0c182ec4df1,Success
e9401219394061f6eb2e3cb8037e622a3e711a2b5712ae4b94cd0602226eeaa2,0x6d34A7FE63D5FF3622C0fcCe6b2DB7342FA25b86,0x7b9F246272a9e231037e5C3dfCaf414dF3Ef56c4,0.001301947849439,21000,21508379,39d06f3854b8bb738b9cbdae40db3f783e28dda25898af3644e9f0c182ec4df1,Success
10a3a25962258873be43ea632fce2c04b686fcfe9cee3940960409345d3b21b0,0x799e6b89aF6DCD161c12ce1104F5bBE51B6889B6,0xE0f63A424a4439cBE457D80E4f4b51aD25b2c56C,0,47150,21508379,39d06f3854b8bb738b9cbdae40db3f783e28dda25898af3644e9f0c182ec4df1,Success
1140a04d532ab1a7a9c7086af2584b5886486f394558e4a419f40d1661c48f78,0x2df38C6fC7B1Eea887e6814041307BE439A14aB5,0x8B3870Df408fF4D7C3A26DF852D41034eDa11d81,0,24174,21508379,39d06f3854b8bb738b9cbdae40db3f783e28dda25898af3644e9f0c182ec4df1,Success
f9997a963f5d70ec6822011cf94ea7b78a7423bb48a267acc9cb83c5550d6f0f,0x8ACc7Dd8aF3163ecB2919A9fc8913dBE2dcD2B70,0xbAc3911e2D28EeE98009f4Db2C4127ffa87eeF49,0.358826318903513,21000,21508379,39d06f3854b8bb738b9cbdae40db3f783e28dda25898af3644e9f0c182ec4df1,Success
0879b83d8ed3e497fee7a9778f663d3d28c91a1661dc4d8e1bc71889bc62518f,0x5Ea2012488451B6d6F9c38DA6AC8c778C07C122c,0x902430D7d41d46dad8ACf0Eae8F303f8D8B7AeC8,0.09576390903155858,21000,21508379,39d06f3854b8bb738b9cbdae40db3f783e28dda25898af3644e9f0c182ec4df1,Success
66c6784e27b26448228895560a355964e46697893ab1afcfd4f99bb897d2e528,0x61F4C79e72aa3b11E9de283d5FB3787B59f0dDb2,0x1591aB31647E1cF4628ed6eaa5EcFF386d856Bb7,0.32987083842186,21000,21508379,39d06f3854b8bb738b9cbdae40db3f783e28dda25898af3644e9f0c182ec4df1,Success
7e0a97eae672406c6c58395b4ab864f9f2b3e0cb599dde189d66373784cabc4b,0xAd335C54c37742e059bdEf90cA216A0f98f01318,0xF853d4AcA1399E508f7f2DeC9b1b5C2bd502d5cC,0.05369,21000,21508379,39d06f3854b8bb738b9cbdae40db3f783e28dda25898af3644e9f0c182ec4df1,Success
5e206121ce594d2430e1df0906a06bd9d0fa55ecd60034dda4dc55cfcfed087b,0xD6172D19769205903a0208876B5c43583736871F,0x6A1aC5c599215E772eA8fE12033c69137B486d62,0.0018,21000,21508379,39d06f3854b8bb738b9cbdae40db3f783e28dda25898af3644e9f0c182ec4df1,Success
cd0ca8d346c29b6a929e3d5b86057393570bf7f17c01d2cc18fc6095fc73e964,0x83B71aAC923F15b3732Fa0CA059e17c9e1bbD4Ca,0x559134BD69b6EF638AE82BF88E16c78e11432aF7,0.0012,21000,21508379,39d06f3854b8bb738b9cbdae40db3f783e28dda25898af3644e9f0c182ec4df1,Success
11940a27bcefe1b7da4a963f69ae8d07f508d1208faab10f40eea5e7f8d5cf0e,0xD88053549541D823E9DECBE363a4d3A14179Fcc1,0xBd1CD5c55ff5d6e70571Dcd38a65dC5aF2a6B5D0,0.009835827610129,21000,21508379,39d06f3854b8bb738b9cbdae40db3f783e28dda25898af3644e9f0c182ec4df1,Success
af3a14f9cf8cb09cd636de6e65603af83516ddc0d631725b604bc07ed60081e1,0xec45CB222F4273B623F46d04002162Ae4637e3A3,0x1111111254EEB25477B68fb85Ed929f73A960582,0.14150005384394276,173712,21508379,39d06f3854b8bb738b9cbdae40db3f783e28dda25898af3644e9f0c182ec4df1,Success
